id,type,ppm,amplitude
0,aldehyde,10.032822113118772,1325914.21875
0,imine,8.724128833480147,1374389.40625
1,imine,8.714960034229996,396640.03125
2,imine,8.705791234979841,268342.71875
