id,type,ppm,amplitude
0,aldehyde,10.032822113118772,1923878.5625
0,imine,8.737576405713707,1359368.4375
1,imine,8.723517580196805,1692709.1875
