id,type,ppm,amplitude
0,aldehyde,9.962527985534258,399884.5
0,imine,8.63916462709539,2811718.5
1,imine,8.551144154293912,1655493.75
2,imine,8.49613135879299,2818208.5
