id,type,ppm,amplitude
0,aldehyde,9.985144357017973,1218632.25
0,imine,8.683174863496127,431638.5
1,imine,8.664837264995821,6041515.0
2,imine,8.574983032344313,9205017.75
