id,type,ppm,amplitude
0,aldehyde,10.008550442992588,523138.75
0,imine,8.737754866921268,10273325.8125
1,imine,8.57638400011856,6041742.4375
2,imine,8.512202405367484,9289613.3125
