id,type,ppm,amplitude
0,aldehyde,9.962527985534258,228051.375
0,imine,8.671561051112601,10147.1875
1,imine,8.636108360678673,6341564.84375
2,imine,8.49796511864302,11262620.0625
