{
    "cage1": {
        "mass": 2736.536,
        "diameter": 5.105756610279251,
        "volume": 69.69136120076456
    },
    "cage3": {
        "mass": 2904.8599999999997,
        "diameter": 5.0719784466768925,
        "volume": 68.31731986594332
    }
}